[
  {
    "renderSetupLayer": {
      "collections": [
        {
          "collection": {
            "children": [
              {
                "absOverride": {
                  "attrValue": {
                    "connectable": true, 
                    "type": "Bool", 
                    "value": false
                  }, 
                  "attribute": "castsShadows", 
                  "localRender": false, 
                  "name": "castShadowsOff", 
                  "selfEnabled": true
                }
              }, 
              {
                "absOverride": {
                  "attrValue": {
                    "connectable": true, 
                    "type": "Bool", 
                    "value": true
                  }, 
                  "attribute": "primaryVisibility", 
                  "localRender": false, 
                  "name": "primVisOn", 
                  "selfEnabled": true
                }
              }, 
              {
                "collection": {
                  "children": [
                    {
                      "shaderOverride": {
                        "attribute": "", 
                        "connectionStr": "shadowLayer_aiShadowMatte.outColor", 
                        "localRender": false, 
                        "name": "shaderOverrideCatcher", 
                        "selfEnabled": true
                      }
                    }
                  ], 
                  "isolateSelected": false, 
                  "name": "catcher_shadingEngines", 
                  "selector": {
                    "simpleSelector": {
                      "customFilterValue": "", 
                      "pattern": "*", 
                      "staticSelection": "", 
                      "typeFilter": 11
                    }
                  }, 
                  "selfEnabled": true
                }
              }
            ], 
            "isolateSelected": false, 
            "name": "catcher", 
            "selector": {
              "simpleSelector": {
                "customFilterValue": "", 
                "pattern": "", 
                "staticSelection": "", 
                "typeFilter": 1
              }
            }, 
            "selfEnabled": true
          }
        }, 
        {
          "collection": {
            "children": [
              {
                "absOverride": {
                  "attrValue": {
                    "connectable": true, 
                    "type": "Bool", 
                    "value": false
                  }, 
                  "attribute": "primaryVisibility", 
                  "localRender": false, 
                  "name": "primVisOff", 
                  "selfEnabled": true
                }
              }, 
              {
                "collection": {
                  "children": [
                    {
                      "shaderOverride": {
                        "attribute": "", 
                        "connectionStr": "shadowLayer_standardSurface.outColor", 
                        "localRender": false, 
                        "name": "blankStandardSurface", 
                        "selfEnabled": true
                      }
                    }
                  ], 
                  "isolateSelected": false, 
                  "name": "caster_shadingEngines", 
                  "selector": {
                    "simpleSelector": {
                      "customFilterValue": "", 
                      "pattern": "*", 
                      "staticSelection": "", 
                      "typeFilter": 11
                    }
                  }, 
                  "selfEnabled": true
                }
              }
            ], 
            "isolateSelected": false, 
            "name": "caster", 
            "selector": {
              "simpleSelector": {
                "customFilterValue": "", 
                "pattern": "", 
                "staticSelection": "", 
                "typeFilter": 1
              }
            }, 
            "selfEnabled": true
          }
        }, 
        {
          "collection": {
            "children": [], 
            "isolateSelected": false, 
            "name": "catcherLights", 
            "selector": {
              "simpleSelector": {
                "customFilterValue": "", 
                "pattern": "", 
                "staticSelection": "", 
                "typeFilter": 1
              }
            }, 
            "selfEnabled": true
          }
        }
      ], 
      "isVisible": true, 
      "name": "shadow"
    }
  }
]