{
  "renderSetup": {
    "name": "renderSetup", 
    "renderLayers": [
      {
        "renderSetupLayer": {
          "collections": [
            {
              "aovCollection": {
                "children": [
                  {
                    "aovChildCollection": {
                      "children": [
                        {
                          "absOverride": {
                            "attrValue": {
                              "connectable": true, 
                              "type": "Bool", 
                              "value": false
                            }, 
                            "attribute": "enabled", 
                            "localRender": false, 
                            "name": "enabled", 
                            "selfEnabled": true
                          }
                        }
                      ], 
                      "isolateSelected": false, 
                      "name": "L_fill", 
                      "selector": {
                        "arnoldAOVChildSelector": {
                          "arnoldAOVNodeName": "aiAOV_L_fill"
                        }
                      }, 
                      "selfEnabled": true
                    }
                  }, 
                  {
                    "aovChildCollection": {
                      "children": [
                        {
                          "absOverride": {
                            "attrValue": {
                              "connectable": true, 
                              "type": "Bool", 
                              "value": false
                            }, 
                            "attribute": "enabled", 
                            "localRender": false, 
                            "name": "enabled1", 
                            "selfEnabled": true
                          }
                        }
                      ], 
                      "isolateSelected": false, 
                      "name": "L_hdr", 
                      "selector": {
                        "arnoldAOVChildSelector": {
                          "arnoldAOVNodeName": "aiAOV_L_hdr"
                        }
                      }, 
                      "selfEnabled": true
                    }
                  }, 
                  {
                    "aovChildCollection": {
                      "children": [
                        {
                          "absOverride": {
                            "attrValue": {
                              "connectable": true, 
                              "type": "Bool", 
                              "value": false
                            }, 
                            "attribute": "enabled", 
                            "localRender": false, 
                            "name": "enabled2", 
                            "selfEnabled": true
                          }
                        }
                      ], 
                      "isolateSelected": false, 
                      "name": "L_key", 
                      "selector": {
                        "arnoldAOVChildSelector": {
                          "arnoldAOVNodeName": "aiAOV_L_key"
                        }
                      }, 
                      "selfEnabled": true
                    }
                  }, 
                  {
                    "aovChildCollection": {
                      "children": [
                        {
                          "absOverride": {
                            "attrValue": {
                              "connectable": true, 
                              "type": "Bool", 
                              "value": false
                            }, 
                            "attribute": "enabled", 
                            "localRender": false, 
                            "name": "enabled3", 
                            "selfEnabled": true
                          }
                        }
                      ], 
                      "isolateSelected": false, 
                      "name": "L_rim", 
                      "selector": {
                        "arnoldAOVChildSelector": {
                          "arnoldAOVNodeName": "aiAOV_L_rim"
                        }
                      }, 
                      "selfEnabled": true
                    }
                  }, 
                  {
                    "aovChildCollection": {
                      "children": [
                        {
                          "absOverride": {
                            "attrValue": {
                              "connectable": true, 
                              "type": "Bool", 
                              "value": false
                            }, 
                            "attribute": "enabled", 
                            "localRender": false, 
                            "name": "enabled4", 
                            "selfEnabled": true
                          }
                        }
                      ], 
                      "isolateSelected": false, 
                      "name": "N", 
                      "selector": {
                        "arnoldAOVChildSelector": {
                          "arnoldAOVNodeName": "aiAOV_N"
                        }
                      }, 
                      "selfEnabled": true
                    }
                  }, 
                  {
                    "aovChildCollection": {
                      "children": [
                        {
                          "absOverride": {
                            "attrValue": {
                              "connectable": true, 
                              "type": "Bool", 
                              "value": false
                            }, 
                            "attribute": "enabled", 
                            "localRender": false, 
                            "name": "enabled5", 
                            "selfEnabled": true
                          }
                        }
                      ], 
                      "isolateSelected": false, 
                      "name": "P", 
                      "selector": {
                        "arnoldAOVChildSelector": {
                          "arnoldAOVNodeName": "aiAOV_P"
                        }
                      }, 
                      "selfEnabled": true
                    }
                  }, 
                  {
                    "aovChildCollection": {
                      "children": [
                        {
                          "absOverride": {
                            "attrValue": {
                              "connectable": true, 
                              "type": "Bool", 
                              "value": false
                            }, 
                            "attribute": "enabled", 
                            "localRender": false, 
                            "name": "enabled6", 
                            "selfEnabled": true
                          }
                        }
                      ], 
                      "isolateSelected": false, 
                      "name": "Z", 
                      "selector": {
                        "arnoldAOVChildSelector": {
                          "arnoldAOVNodeName": "aiAOV_Z"
                        }
                      }, 
                      "selfEnabled": true
                    }
                  }, 
                  {
                    "aovChildCollection": {
                      "children": [
                        {
                          "absOverride": {
                            "attrValue": {
                              "connectable": true, 
                              "type": "Bool", 
                              "value": false
                            }, 
                            "attribute": "enabled", 
                            "localRender": false, 
                            "name": "enabled7", 
                            "selfEnabled": true
                          }
                        }
                      ], 
                      "isolateSelected": false, 
                      "name": "coat", 
                      "selector": {
                        "arnoldAOVChildSelector": {
                          "arnoldAOVNodeName": "aiAOV_coat"
                        }
                      }, 
                      "selfEnabled": true
                    }
                  }, 
                  {
                    "aovChildCollection": {
                      "children": [
                        {
                          "absOverride": {
                            "attrValue": {
                              "connectable": true, 
                              "type": "Bool", 
                              "value": false
                            }, 
                            "attribute": "enabled", 
                            "localRender": false, 
                            "name": "enabled8", 
                            "selfEnabled": true
                          }
                        }
                      ], 
                      "isolateSelected": false, 
                      "name": "crypto_material", 
                      "selector": {
                        "arnoldAOVChildSelector": {
                          "arnoldAOVNodeName": "aiAOV_crypto_material"
                        }
                      }, 
                      "selfEnabled": true
                    }
                  }, 
                  {
                    "aovChildCollection": {
                      "children": [
                        {
                          "absOverride": {
                            "attrValue": {
                              "connectable": true, 
                              "type": "Bool", 
                              "value": false
                            }, 
                            "attribute": "enabled", 
                            "localRender": false, 
                            "name": "enabled9", 
                            "selfEnabled": true
                          }
                        }
                      ], 
                      "isolateSelected": false, 
                      "name": "crypto_object", 
                      "selector": {
                        "arnoldAOVChildSelector": {
                          "arnoldAOVNodeName": "aiAOV_crypto_object"
                        }
                      }, 
                      "selfEnabled": true
                    }
                  }, 
                  {
                    "aovChildCollection": {
                      "children": [
                        {
                          "absOverride": {
                            "attrValue": {
                              "connectable": true, 
                              "type": "Bool", 
                              "value": false
                            }, 
                            "attribute": "enabled", 
                            "localRender": false, 
                            "name": "enabled10", 
                            "selfEnabled": true
                          }
                        }
                      ], 
                      "isolateSelected": false, 
                      "name": "diffuse_albedo", 
                      "selector": {
                        "arnoldAOVChildSelector": {
                          "arnoldAOVNodeName": "aiAOV_diffuse_albedo"
                        }
                      }, 
                      "selfEnabled": true
                    }
                  }, 
                  {
                    "aovChildCollection": {
                      "children": [
                        {
                          "absOverride": {
                            "attrValue": {
                              "connectable": true, 
                              "type": "Bool", 
                              "value": false
                            }, 
                            "attribute": "enabled", 
                            "localRender": false, 
                            "name": "enabled11", 
                            "selfEnabled": true
                          }
                        }
                      ], 
                      "isolateSelected": false, 
                      "name": "diffuse_direct", 
                      "selector": {
                        "arnoldAOVChildSelector": {
                          "arnoldAOVNodeName": "aiAOV_diffuse_direct"
                        }
                      }, 
                      "selfEnabled": true
                    }
                  }, 
                  {
                    "aovChildCollection": {
                      "children": [
                        {
                          "absOverride": {
                            "attrValue": {
                              "connectable": true, 
                              "type": "Bool", 
                              "value": false
                            }, 
                            "attribute": "enabled", 
                            "localRender": false, 
                            "name": "enabled12", 
                            "selfEnabled": true
                          }
                        }
                      ], 
                      "isolateSelected": false, 
                      "name": "diffuse_indirect", 
                      "selector": {
                        "arnoldAOVChildSelector": {
                          "arnoldAOVNodeName": "aiAOV_diffuse_indirect"
                        }
                      }, 
                      "selfEnabled": true
                    }
                  }, 
                  {
                    "aovChildCollection": {
                      "children": [
                        {
                          "absOverride": {
                            "attrValue": {
                              "connectable": true, 
                              "type": "Bool", 
                              "value": false
                            }, 
                            "attribute": "enabled", 
                            "localRender": false, 
                            "name": "enabled13", 
                            "selfEnabled": true
                          }
                        }
                      ], 
                      "isolateSelected": false, 
                      "name": "motionvector", 
                      "selector": {
                        "arnoldAOVChildSelector": {
                          "arnoldAOVNodeName": "aiAOV_motionvector"
                        }
                      }, 
                      "selfEnabled": true
                    }
                  }, 
                  {
                    "aovChildCollection": {
                      "children": [
                        {
                          "absOverride": {
                            "attrValue": {
                              "connectable": true, 
                              "type": "Bool", 
                              "value": false
                            }, 
                            "attribute": "enabled", 
                            "localRender": false, 
                            "name": "enabled14", 
                            "selfEnabled": true
                          }
                        }
                      ], 
                      "isolateSelected": false, 
                      "name": "shadow_matte", 
                      "selector": {
                        "arnoldAOVChildSelector": {
                          "arnoldAOVNodeName": "aiAOV_shadow_matte"
                        }
                      }, 
                      "selfEnabled": true
                    }
                  }, 
                  {
                    "aovChildCollection": {
                      "children": [
                        {
                          "absOverride": {
                            "attrValue": {
                              "connectable": true, 
                              "type": "Bool", 
                              "value": false
                            }, 
                            "attribute": "enabled", 
                            "localRender": false, 
                            "name": "enabled15", 
                            "selfEnabled": true
                          }
                        }
                      ], 
                      "isolateSelected": false, 
                      "name": "specular_direct", 
                      "selector": {
                        "arnoldAOVChildSelector": {
                          "arnoldAOVNodeName": "aiAOV_specular_direct"
                        }
                      }, 
                      "selfEnabled": true
                    }
                  }, 
                  {
                    "aovChildCollection": {
                      "children": [
                        {
                          "absOverride": {
                            "attrValue": {
                              "connectable": true, 
                              "type": "Bool", 
                              "value": false
                            }, 
                            "attribute": "enabled", 
                            "localRender": false, 
                            "name": "enabled16", 
                            "selfEnabled": true
                          }
                        }
                      ], 
                      "isolateSelected": false, 
                      "name": "specular_indirect", 
                      "selector": {
                        "arnoldAOVChildSelector": {
                          "arnoldAOVNodeName": "aiAOV_specular_indirect"
                        }
                      }, 
                      "selfEnabled": true
                    }
                  }, 
                  {
                    "aovChildCollection": {
                      "children": [
                        {
                          "absOverride": {
                            "attrValue": {
                              "connectable": true, 
                              "type": "Bool", 
                              "value": false
                            }, 
                            "attribute": "enabled", 
                            "localRender": false, 
                            "name": "enabled17", 
                            "selfEnabled": true
                          }
                        }
                      ], 
                      "isolateSelected": false, 
                      "name": "transmission", 
                      "selector": {
                        "arnoldAOVChildSelector": {
                          "arnoldAOVNodeName": "aiAOV_transmission"
                        }
                      }, 
                      "selfEnabled": true
                    }
                  }
                ], 
                "isolateSelected": false, 
                "name": "AOVCollection", 
                "selector": {
                  "simpleSelector": {
                    "customFilterValue": "aiAOV aiAOVDriver aiAOVFilter", 
                    "pattern": "*", 
                    "staticSelection": "", 
                    "typeFilter": 8
                  }
                }, 
                "selfEnabled": true
              }
            }, 
            {
              "collection": {
                "children": [], 
                "isolateSelected": false, 
                "name": "geo2", 
                "selector": {
                  "simpleSelector": {
                    "customFilterValue": "", 
                    "pattern": "", 
                    "staticSelection": "|world_UV|sky\n|world_UV|ground", 
                    "typeFilter": 0
                  }
                }, 
                "selfEnabled": true
              }
            }
          ], 
          "isVisible": false, 
          "name": "ST"
        }
      }, 
      {
        "renderSetupLayer": {
          "collections": [
            {
              "collection": {
                "children": [], 
                "isolateSelected": false, 
                "name": "geo1", 
                "selector": {
                  "simpleSelector": {
                    "customFilterValue": "", 
                    "pattern": "", 
                    "staticSelection": "|LGT_v01:LGT\n|Bouce_Env_v01:Bounce_ENV\n|Bouce_Env_v01:sphericalProj2:place3dTexture1\n|rotorStandinPivot\n|turbine_01|turbineShaft\n|turbine_01|railings_primaryInvisible\n|turbine_01|blades_primaryInvisible\n|LGT_v01:LGT|compHDR_clouds\n|LGT_v01:LGT|compHDR_sun", 
                    "typeFilter": 1
                  }
                }, 
                "selfEnabled": true
              }
            }
          ], 
          "isVisible": true, 
          "name": "WT"
        }
      }, 
      {
        "renderSetupLayer": {
          "collections": [
            {
              "collection": {
                "children": [], 
                "isolateSelected": true, 
                "name": "geo3", 
                "selector": {
                  "simpleSelector": {
                    "customFilterValue": "", 
                    "pattern": "", 
                    "staticSelection": "|Bouce_Env_v01:Bounce_ENV\n|turbine_01|railings_visible\n|turbine_01|turbineShaft_matte\n|turbine_01|blades_primaryInvisible", 
                    "typeFilter": 1
                  }
                }, 
                "selfEnabled": true
              }
            }
          ], 
          "isVisible": false, 
          "name": "rails"
        }
      }, 
      {
        "renderSetupLayer": {
          "collections": [
            {
              "collection": {
                "children": [], 
                "isolateSelected": false, 
                "name": "distantTurbineGeo", 
                "selector": {
                  "simpleSelector": {
                    "customFilterValue": "", 
                    "pattern": "", 
                    "staticSelection": "|world_DT\n|distantTurbines_base:DTgroup|distantTurbines_base:DT_01|distantTurbines_base:turbineShaft\n|distantTurbines_base:DTgroup|distantTurbines_base:DT_01|distantTurbines_base:railings_visible\n|distantTurbines_base:DTgroup|distantTurbines_base:DT_01|distantTurbines_base:blades_visible\n|distantTurbines_base:DTgroup|distantTurbines_base:DT_02|distantTurbines_base:turbineShaft\n|distantTurbines_base:DTgroup|distantTurbines_base:DT_02|distantTurbines_base:railings_visible\n|distantTurbines_base:DTgroup|distantTurbines_base:DT_02|distantTurbines_base:blades_visible\n|distantTurbines_base:DTgroup|distantTurbines_base:DT_03|distantTurbines_base:turbineShaft\n|distantTurbines_base:DTgroup|distantTurbines_base:DT_03|distantTurbines_base:railings_visible\n|distantTurbines_base:DTgroup|distantTurbines_base:DT_03|distantTurbines_base:blades_visible\n|distantTurbines_base:DTgroup|distantTurbines_base:DT_04|distantTurbines_base:turbineShaft\n|distantTurbines_base:DTgroup|distantTurbines_base:DT_04|distantTurbines_base:railings_visible\n|distantTurbines_base:DTgroup|distantTurbines_base:DT_04|distantTurbines_base:blades_visible\n|distantTurbines_base:DTgroup|distantTurbines_base:DT_05|distantTurbines_base:turbineShaft\n|distantTurbines_base:DTgroup|distantTurbines_base:DT_05|distantTurbines_base:railings_visible\n|distantTurbines_base:DTgroup|distantTurbines_base:DT_05|distantTurbines_base:blades_visible\n|distantTurbines_base:DTgroup|distantTurbines_base:DT_06|distantTurbines_base:turbineShaft\n|distantTurbines_base:DTgroup|distantTurbines_base:DT_06|distantTurbines_base:railings_visible\n|distantTurbines_base:DTgroup|distantTurbines_base:DT_06|distantTurbines_base:blades_visible\n|distantTurbines_base:DTgroup|distantTurbines_base:DT_07|distantTurbines_base:turbineShaft\n|distantTurbines_base:DTgroup|distantTurbines_base:DT_07|distantTurbines_base:railings_visible\n|distantTurbines_base:DTgroup|distantTurbines_base:DT_07|distantTurbines_base:blades_visible\n|distantTurbines_base:DTgroup|distantTurbines_base:DT_013|distantTurbines_base:blades_visible\n|distantTurbines_base:DTgroup|distantTurbines_base:DT_013|distantTurbines_base:railings_visible\n|distantTurbines_base:DTgroup|distantTurbines_base:DT_013|distantTurbines_base:turbineShaft\n|distantTurbines_base:DTgroup|distantTurbines_base:DT_014|distantTurbines_base:blades_visible\n|distantTurbines_base:DTgroup|distantTurbines_base:DT_014|distantTurbines_base:railings_visible\n|distantTurbines_base:DTgroup|distantTurbines_base:DT_014|distantTurbines_base:turbineShaft\n|distantTurbines_base:DTgroup|distantTurbines_base:DT_015|distantTurbines_base:turbineShaft\n|distantTurbines_base:DTgroup|distantTurbines_base:DT_015|distantTurbines_base:blades_visible\n|distantTurbines_base:DTgroup|distantTurbines_base:DT_015|distantTurbines_base:railings_visible\n|distantTurbines_base:DTgroup|distantTurbines_base:DT_016|distantTurbines_base:blades_visible\n|distantTurbines_base:DTgroup|distantTurbines_base:DT_016|distantTurbines_base:railings_visible\n|distantTurbines_base:DTgroup|distantTurbines_base:DT_016|distantTurbines_base:turbineShaft", 
                    "typeFilter": 1
                  }
                }, 
                "selfEnabled": true
              }
            }
          ], 
          "isVisible": false, 
          "name": "DT"
        }
      }, 
      {
        "renderSetupLayer": {
          "collections": [
            {
              "collection": {
                "children": [], 
                "isolateSelected": false, 
                "name": "bladeGeo", 
                "selector": {
                  "simpleSelector": {
                    "customFilterValue": "", 
                    "pattern": "", 
                    "staticSelection": "|turbine_01|blades_visible\n|turbine_01|turbineShaft_primaryInvisible\n|Bouce_Env_v01:Bounce_ENV", 
                    "typeFilter": 1
                  }
                }, 
                "selfEnabled": true
              }
            }
          ], 
          "isVisible": false, 
          "name": "blades"
        }
      }
    ]
  }, 
  "sceneAOVs": {
    "arnold": {
      "aovs": [
        {
          "aiAOV_AO": {
            "aiAOV_AO.binMembership": "", 
            "aiAOV_AO.caching": false, 
            "aiAOV_AO.camera": "", 
            "aiAOV_AO.defaultValue": "ambientOcclusion_AOV.outColor", 
            "aiAOV_AO.denoise": false, 
            "aiAOV_AO.enabled": false, 
            "aiAOV_AO.filterType": "", 
            "aiAOV_AO.frozen": false, 
            "aiAOV_AO.globalAov": true, 
            "aiAOV_AO.imageFormat": "", 
            "aiAOV_AO.isHistoricallyInteresting": 2, 
            "aiAOV_AO.lightGroups": false, 
            "aiAOV_AO.lightGroupsList": "", 
            "aiAOV_AO.lightPathExpression": "", 
            "aiAOV_AO.message": null, 
            "aiAOV_AO.name": "AO", 
            "aiAOV_AO.nodeState": 0, 
            "aiAOV_AO.prefix": "", 
            "aiAOV_AO.type": 6
          }
        }, 
        {
          "aiAOV_L_hdr": {
            "aiAOV_L_hdr.binMembership": "", 
            "aiAOV_L_hdr.caching": false, 
            "aiAOV_L_hdr.camera": "", 
            "aiAOV_L_hdr.defaultValue": "", 
            "aiAOV_L_hdr.denoise": false, 
            "aiAOV_L_hdr.enabled": true, 
            "aiAOV_L_hdr.filterType": "", 
            "aiAOV_L_hdr.frozen": false, 
            "aiAOV_L_hdr.globalAov": true, 
            "aiAOV_L_hdr.imageFormat": "", 
            "aiAOV_L_hdr.isHistoricallyInteresting": 2, 
            "aiAOV_L_hdr.lightGroups": false, 
            "aiAOV_L_hdr.lightGroupsList": "", 
            "aiAOV_L_hdr.lightPathExpression": "C.*<L.'hdr_clouds'>", 
            "aiAOV_L_hdr.message": null, 
            "aiAOV_L_hdr.name": "L_hdr_clouds", 
            "aiAOV_L_hdr.nodeState": 0, 
            "aiAOV_L_hdr.prefix": "", 
            "aiAOV_L_hdr.type": 6
          }
        }, 
        {
          "aiAOV_L_fill": {
            "aiAOV_L_fill.binMembership": "", 
            "aiAOV_L_fill.caching": false, 
            "aiAOV_L_fill.camera": "", 
            "aiAOV_L_fill.defaultValue": "", 
            "aiAOV_L_fill.denoise": false, 
            "aiAOV_L_fill.enabled": true, 
            "aiAOV_L_fill.filterType": "", 
            "aiAOV_L_fill.frozen": false, 
            "aiAOV_L_fill.globalAov": true, 
            "aiAOV_L_fill.imageFormat": "", 
            "aiAOV_L_fill.isHistoricallyInteresting": 2, 
            "aiAOV_L_fill.lightGroups": false, 
            "aiAOV_L_fill.lightGroupsList": "", 
            "aiAOV_L_fill.lightPathExpression": "C.*<L.'hdr_sun'>", 
            "aiAOV_L_fill.message": null, 
            "aiAOV_L_fill.name": "L_hdr_sun", 
            "aiAOV_L_fill.nodeState": 0, 
            "aiAOV_L_fill.prefix": "", 
            "aiAOV_L_fill.type": 6
          }
        }, 
        {
          "aiAOV_L_key": {
            "aiAOV_L_key.binMembership": "", 
            "aiAOV_L_key.caching": false, 
            "aiAOV_L_key.camera": "", 
            "aiAOV_L_key.defaultValue": "", 
            "aiAOV_L_key.denoise": false, 
            "aiAOV_L_key.enabled": true, 
            "aiAOV_L_key.filterType": "", 
            "aiAOV_L_key.frozen": false, 
            "aiAOV_L_key.globalAov": true, 
            "aiAOV_L_key.imageFormat": "", 
            "aiAOV_L_key.isHistoricallyInteresting": 2, 
            "aiAOV_L_key.lightGroups": false, 
            "aiAOV_L_key.lightGroupsList": "", 
            "aiAOV_L_key.lightPathExpression": "C.*<L.'key'>", 
            "aiAOV_L_key.message": null, 
            "aiAOV_L_key.name": "L_key", 
            "aiAOV_L_key.nodeState": 0, 
            "aiAOV_L_key.prefix": "", 
            "aiAOV_L_key.type": 6
          }
        }, 
        {
          "aiAOV_L_rim": {
            "aiAOV_L_rim.binMembership": "", 
            "aiAOV_L_rim.caching": false, 
            "aiAOV_L_rim.camera": "", 
            "aiAOV_L_rim.defaultValue": "", 
            "aiAOV_L_rim.denoise": false, 
            "aiAOV_L_rim.enabled": true, 
            "aiAOV_L_rim.filterType": "", 
            "aiAOV_L_rim.frozen": false, 
            "aiAOV_L_rim.globalAov": true, 
            "aiAOV_L_rim.imageFormat": "", 
            "aiAOV_L_rim.isHistoricallyInteresting": 2, 
            "aiAOV_L_rim.lightGroups": false, 
            "aiAOV_L_rim.lightGroupsList": "", 
            "aiAOV_L_rim.lightPathExpression": "C.*<L.'rim'>", 
            "aiAOV_L_rim.message": null, 
            "aiAOV_L_rim.name": "L_rim", 
            "aiAOV_L_rim.nodeState": 0, 
            "aiAOV_L_rim.prefix": "", 
            "aiAOV_L_rim.type": 6
          }
        }, 
        {
          "aiAOV_N": {
            "aiAOV_N.binMembership": "", 
            "aiAOV_N.caching": false, 
            "aiAOV_N.camera": "", 
            "aiAOV_N.defaultValue": "", 
            "aiAOV_N.denoise": false, 
            "aiAOV_N.enabled": true, 
            "aiAOV_N.filterType": "", 
            "aiAOV_N.frozen": false, 
            "aiAOV_N.globalAov": true, 
            "aiAOV_N.imageFormat": "", 
            "aiAOV_N.isHistoricallyInteresting": 2, 
            "aiAOV_N.lightGroups": false, 
            "aiAOV_N.lightGroupsList": "", 
            "aiAOV_N.lightPathExpression": "", 
            "aiAOV_N.message": null, 
            "aiAOV_N.name": "N", 
            "aiAOV_N.nodeState": 0, 
            "aiAOV_N.prefix": "", 
            "aiAOV_N.type": 7
          }
        }, 
        {
          "aiAOV_P": {
            "aiAOV_P.binMembership": "", 
            "aiAOV_P.caching": false, 
            "aiAOV_P.camera": "", 
            "aiAOV_P.defaultValue": "", 
            "aiAOV_P.denoise": false, 
            "aiAOV_P.enabled": true, 
            "aiAOV_P.filterType": "", 
            "aiAOV_P.frozen": false, 
            "aiAOV_P.globalAov": true, 
            "aiAOV_P.imageFormat": "", 
            "aiAOV_P.isHistoricallyInteresting": 2, 
            "aiAOV_P.lightGroups": false, 
            "aiAOV_P.lightGroupsList": "", 
            "aiAOV_P.lightPathExpression": "", 
            "aiAOV_P.message": null, 
            "aiAOV_P.name": "P", 
            "aiAOV_P.nodeState": 0, 
            "aiAOV_P.prefix": "", 
            "aiAOV_P.type": 7
          }
        }, 
        {
          "aiAOV_UV": {
            "aiAOV_UV.binMembership": "", 
            "aiAOV_UV.caching": false, 
            "aiAOV_UV.camera": "", 
            "aiAOV_UV.defaultValue": "green_ramp.outColor", 
            "aiAOV_UV.denoise": false, 
            "aiAOV_UV.enabled": true, 
            "aiAOV_UV.filterType": "", 
            "aiAOV_UV.frozen": false, 
            "aiAOV_UV.globalAov": true, 
            "aiAOV_UV.imageFormat": "", 
            "aiAOV_UV.isHistoricallyInteresting": 2, 
            "aiAOV_UV.lightGroups": false, 
            "aiAOV_UV.lightGroupsList": "", 
            "aiAOV_UV.lightPathExpression": "", 
            "aiAOV_UV.message": null, 
            "aiAOV_UV.name": "UV", 
            "aiAOV_UV.nodeState": 0, 
            "aiAOV_UV.prefix": "", 
            "aiAOV_UV.type": 6
          }
        }, 
        {
          "aiAOV_Z": {
            "aiAOV_Z.binMembership": "", 
            "aiAOV_Z.caching": false, 
            "aiAOV_Z.camera": "", 
            "aiAOV_Z.defaultValue": "", 
            "aiAOV_Z.denoise": false, 
            "aiAOV_Z.enabled": true, 
            "aiAOV_Z.filterType": "", 
            "aiAOV_Z.frozen": false, 
            "aiAOV_Z.globalAov": true, 
            "aiAOV_Z.imageFormat": "", 
            "aiAOV_Z.isHistoricallyInteresting": 2, 
            "aiAOV_Z.lightGroups": false, 
            "aiAOV_Z.lightGroupsList": "", 
            "aiAOV_Z.lightPathExpression": "", 
            "aiAOV_Z.message": null, 
            "aiAOV_Z.name": "Z", 
            "aiAOV_Z.nodeState": 0, 
            "aiAOV_Z.prefix": "", 
            "aiAOV_Z.type": 4
          }
        }, 
        {
          "aiAOV_coat": {
            "aiAOV_coat.binMembership": "", 
            "aiAOV_coat.caching": false, 
            "aiAOV_coat.camera": "", 
            "aiAOV_coat.defaultValue": "", 
            "aiAOV_coat.denoise": false, 
            "aiAOV_coat.enabled": false, 
            "aiAOV_coat.filterType": "", 
            "aiAOV_coat.frozen": false, 
            "aiAOV_coat.globalAov": true, 
            "aiAOV_coat.imageFormat": "", 
            "aiAOV_coat.isHistoricallyInteresting": 2, 
            "aiAOV_coat.lightGroups": false, 
            "aiAOV_coat.lightGroupsList": "", 
            "aiAOV_coat.lightPathExpression": "", 
            "aiAOV_coat.message": null, 
            "aiAOV_coat.name": "coat", 
            "aiAOV_coat.nodeState": 0, 
            "aiAOV_coat.prefix": "", 
            "aiAOV_coat.type": 5
          }
        }, 
        {
          "aiAOV_crypto_material": {
            "aiAOV_crypto_material.binMembership": "", 
            "aiAOV_crypto_material.caching": false, 
            "aiAOV_crypto_material.camera": "", 
            "aiAOV_crypto_material.defaultValue": "_aov_cryptomatte.outColor", 
            "aiAOV_crypto_material.denoise": false, 
            "aiAOV_crypto_material.enabled": true, 
            "aiAOV_crypto_material.filterType": "", 
            "aiAOV_crypto_material.frozen": false, 
            "aiAOV_crypto_material.globalAov": true, 
            "aiAOV_crypto_material.imageFormat": "", 
            "aiAOV_crypto_material.isHistoricallyInteresting": 2, 
            "aiAOV_crypto_material.lightGroups": false, 
            "aiAOV_crypto_material.lightGroupsList": "", 
            "aiAOV_crypto_material.lightPathExpression": "", 
            "aiAOV_crypto_material.message": null, 
            "aiAOV_crypto_material.name": "crypto_material", 
            "aiAOV_crypto_material.nodeState": 0, 
            "aiAOV_crypto_material.prefix": "", 
            "aiAOV_crypto_material.type": 5
          }
        }, 
        {
          "aiAOV_crypto_object": {
            "aiAOV_crypto_object.binMembership": "", 
            "aiAOV_crypto_object.caching": false, 
            "aiAOV_crypto_object.camera": "", 
            "aiAOV_crypto_object.defaultValue": "_aov_cryptomatte.outColor", 
            "aiAOV_crypto_object.denoise": false, 
            "aiAOV_crypto_object.enabled": true, 
            "aiAOV_crypto_object.filterType": "", 
            "aiAOV_crypto_object.frozen": false, 
            "aiAOV_crypto_object.globalAov": true, 
            "aiAOV_crypto_object.imageFormat": "", 
            "aiAOV_crypto_object.isHistoricallyInteresting": 2, 
            "aiAOV_crypto_object.lightGroups": false, 
            "aiAOV_crypto_object.lightGroupsList": "", 
            "aiAOV_crypto_object.lightPathExpression": "", 
            "aiAOV_crypto_object.message": null, 
            "aiAOV_crypto_object.name": "crypto_object", 
            "aiAOV_crypto_object.nodeState": 0, 
            "aiAOV_crypto_object.prefix": "", 
            "aiAOV_crypto_object.type": 5
          }
        }, 
        {
          "aiAOV_diffuse_albedo": {
            "aiAOV_diffuse_albedo.binMembership": "", 
            "aiAOV_diffuse_albedo.caching": false, 
            "aiAOV_diffuse_albedo.camera": "", 
            "aiAOV_diffuse_albedo.defaultValue": "", 
            "aiAOV_diffuse_albedo.denoise": false, 
            "aiAOV_diffuse_albedo.enabled": true, 
            "aiAOV_diffuse_albedo.filterType": "", 
            "aiAOV_diffuse_albedo.frozen": false, 
            "aiAOV_diffuse_albedo.globalAov": true, 
            "aiAOV_diffuse_albedo.imageFormat": "", 
            "aiAOV_diffuse_albedo.isHistoricallyInteresting": 2, 
            "aiAOV_diffuse_albedo.lightGroups": false, 
            "aiAOV_diffuse_albedo.lightGroupsList": "", 
            "aiAOV_diffuse_albedo.lightPathExpression": "", 
            "aiAOV_diffuse_albedo.message": null, 
            "aiAOV_diffuse_albedo.name": "diffuse_albedo", 
            "aiAOV_diffuse_albedo.nodeState": 0, 
            "aiAOV_diffuse_albedo.prefix": "", 
            "aiAOV_diffuse_albedo.type": 5
          }
        }, 
        {
          "aiAOV_diffuse_direct": {
            "aiAOV_diffuse_direct.binMembership": "", 
            "aiAOV_diffuse_direct.caching": false, 
            "aiAOV_diffuse_direct.camera": "", 
            "aiAOV_diffuse_direct.defaultValue": "", 
            "aiAOV_diffuse_direct.denoise": false, 
            "aiAOV_diffuse_direct.enabled": true, 
            "aiAOV_diffuse_direct.filterType": "", 
            "aiAOV_diffuse_direct.frozen": false, 
            "aiAOV_diffuse_direct.globalAov": true, 
            "aiAOV_diffuse_direct.imageFormat": "", 
            "aiAOV_diffuse_direct.isHistoricallyInteresting": 2, 
            "aiAOV_diffuse_direct.lightGroups": false, 
            "aiAOV_diffuse_direct.lightGroupsList": "", 
            "aiAOV_diffuse_direct.lightPathExpression": "", 
            "aiAOV_diffuse_direct.message": null, 
            "aiAOV_diffuse_direct.name": "diffuse_direct", 
            "aiAOV_diffuse_direct.nodeState": 0, 
            "aiAOV_diffuse_direct.prefix": "", 
            "aiAOV_diffuse_direct.type": 5
          }
        }, 
        {
          "aiAOV_diffuse_indirect": {
            "aiAOV_diffuse_indirect.binMembership": "", 
            "aiAOV_diffuse_indirect.caching": false, 
            "aiAOV_diffuse_indirect.camera": "", 
            "aiAOV_diffuse_indirect.defaultValue": "", 
            "aiAOV_diffuse_indirect.denoise": false, 
            "aiAOV_diffuse_indirect.enabled": true, 
            "aiAOV_diffuse_indirect.filterType": "", 
            "aiAOV_diffuse_indirect.frozen": false, 
            "aiAOV_diffuse_indirect.globalAov": true, 
            "aiAOV_diffuse_indirect.imageFormat": "", 
            "aiAOV_diffuse_indirect.isHistoricallyInteresting": 2, 
            "aiAOV_diffuse_indirect.lightGroups": false, 
            "aiAOV_diffuse_indirect.lightGroupsList": "", 
            "aiAOV_diffuse_indirect.lightPathExpression": "", 
            "aiAOV_diffuse_indirect.message": null, 
            "aiAOV_diffuse_indirect.name": "diffuse_indirect", 
            "aiAOV_diffuse_indirect.nodeState": 0, 
            "aiAOV_diffuse_indirect.prefix": "", 
            "aiAOV_diffuse_indirect.type": 5
          }
        }, 
        {
          "aiAOV_emission": {
            "aiAOV_emission.binMembership": "", 
            "aiAOV_emission.caching": false, 
            "aiAOV_emission.camera": "", 
            "aiAOV_emission.defaultValue": "", 
            "aiAOV_emission.denoise": false, 
            "aiAOV_emission.enabled": false, 
            "aiAOV_emission.filterType": "", 
            "aiAOV_emission.frozen": false, 
            "aiAOV_emission.globalAov": true, 
            "aiAOV_emission.imageFormat": "", 
            "aiAOV_emission.isHistoricallyInteresting": 2, 
            "aiAOV_emission.lightGroups": false, 
            "aiAOV_emission.lightGroupsList": "", 
            "aiAOV_emission.lightPathExpression": "", 
            "aiAOV_emission.message": null, 
            "aiAOV_emission.name": "emission", 
            "aiAOV_emission.nodeState": 0, 
            "aiAOV_emission.prefix": "", 
            "aiAOV_emission.type": 5
          }
        }, 
        {
          "aiAOV_galvanized1": {
            "aiAOV_galvanized1.binMembership": "", 
            "aiAOV_galvanized1.caching": false, 
            "aiAOV_galvanized1.camera": "", 
            "aiAOV_galvanized1.defaultValue": "", 
            "aiAOV_galvanized1.denoise": false, 
            "aiAOV_galvanized1.enabled": true, 
            "aiAOV_galvanized1.filterType": "", 
            "aiAOV_galvanized1.frozen": false, 
            "aiAOV_galvanized1.globalAov": true, 
            "aiAOV_galvanized1.imageFormat": "", 
            "aiAOV_galvanized1.isHistoricallyInteresting": 2, 
            "aiAOV_galvanized1.lightGroups": false, 
            "aiAOV_galvanized1.lightGroupsList": "", 
            "aiAOV_galvanized1.lightPathExpression": "", 
            "aiAOV_galvanized1.message": null, 
            "aiAOV_galvanized1.name": "galvanized", 
            "aiAOV_galvanized1.nodeState": 0, 
            "aiAOV_galvanized1.prefix": "", 
            "aiAOV_galvanized1.type": 6
          }
        }, 
        {
          "aiAOV_motionvector": {
            "aiAOV_motionvector.binMembership": "", 
            "aiAOV_motionvector.caching": false, 
            "aiAOV_motionvector.camera": "", 
            "aiAOV_motionvector.defaultValue": "", 
            "aiAOV_motionvector.denoise": false, 
            "aiAOV_motionvector.enabled": true, 
            "aiAOV_motionvector.filterType": "", 
            "aiAOV_motionvector.frozen": false, 
            "aiAOV_motionvector.globalAov": true, 
            "aiAOV_motionvector.imageFormat": "", 
            "aiAOV_motionvector.isHistoricallyInteresting": 2, 
            "aiAOV_motionvector.lightGroups": false, 
            "aiAOV_motionvector.lightGroupsList": "", 
            "aiAOV_motionvector.lightPathExpression": "", 
            "aiAOV_motionvector.message": null, 
            "aiAOV_motionvector.name": "motionvector", 
            "aiAOV_motionvector.nodeState": 0, 
            "aiAOV_motionvector.prefix": "", 
            "aiAOV_motionvector.type": 5
          }
        }, 
        {
          "aiAOV_shadow_matte": {
            "aiAOV_shadow_matte.binMembership": "", 
            "aiAOV_shadow_matte.caching": false, 
            "aiAOV_shadow_matte.camera": "", 
            "aiAOV_shadow_matte.defaultValue": "", 
            "aiAOV_shadow_matte.denoise": false, 
            "aiAOV_shadow_matte.enabled": true, 
            "aiAOV_shadow_matte.filterType": "", 
            "aiAOV_shadow_matte.frozen": false, 
            "aiAOV_shadow_matte.globalAov": true, 
            "aiAOV_shadow_matte.imageFormat": "", 
            "aiAOV_shadow_matte.isHistoricallyInteresting": 2, 
            "aiAOV_shadow_matte.lightGroups": false, 
            "aiAOV_shadow_matte.lightGroupsList": "", 
            "aiAOV_shadow_matte.lightPathExpression": "", 
            "aiAOV_shadow_matte.message": null, 
            "aiAOV_shadow_matte.name": "shadow_matte", 
            "aiAOV_shadow_matte.nodeState": 0, 
            "aiAOV_shadow_matte.prefix": "", 
            "aiAOV_shadow_matte.type": 6
          }
        }, 
        {
          "aiAOV_specular_direct": {
            "aiAOV_specular_direct.binMembership": "", 
            "aiAOV_specular_direct.caching": false, 
            "aiAOV_specular_direct.camera": "", 
            "aiAOV_specular_direct.defaultValue": "", 
            "aiAOV_specular_direct.denoise": false, 
            "aiAOV_specular_direct.enabled": true, 
            "aiAOV_specular_direct.filterType": "", 
            "aiAOV_specular_direct.frozen": false, 
            "aiAOV_specular_direct.globalAov": true, 
            "aiAOV_specular_direct.imageFormat": "", 
            "aiAOV_specular_direct.isHistoricallyInteresting": 2, 
            "aiAOV_specular_direct.lightGroups": false, 
            "aiAOV_specular_direct.lightGroupsList": "", 
            "aiAOV_specular_direct.lightPathExpression": "", 
            "aiAOV_specular_direct.message": null, 
            "aiAOV_specular_direct.name": "specular_direct", 
            "aiAOV_specular_direct.nodeState": 0, 
            "aiAOV_specular_direct.prefix": "", 
            "aiAOV_specular_direct.type": 5
          }
        }, 
        {
          "aiAOV_specular_indirect": {
            "aiAOV_specular_indirect.binMembership": "", 
            "aiAOV_specular_indirect.caching": false, 
            "aiAOV_specular_indirect.camera": "", 
            "aiAOV_specular_indirect.defaultValue": "", 
            "aiAOV_specular_indirect.denoise": false, 
            "aiAOV_specular_indirect.enabled": true, 
            "aiAOV_specular_indirect.filterType": "", 
            "aiAOV_specular_indirect.frozen": false, 
            "aiAOV_specular_indirect.globalAov": true, 
            "aiAOV_specular_indirect.imageFormat": "", 
            "aiAOV_specular_indirect.isHistoricallyInteresting": 2, 
            "aiAOV_specular_indirect.lightGroups": false, 
            "aiAOV_specular_indirect.lightGroupsList": "", 
            "aiAOV_specular_indirect.lightPathExpression": "", 
            "aiAOV_specular_indirect.message": null, 
            "aiAOV_specular_indirect.name": "specular_indirect", 
            "aiAOV_specular_indirect.nodeState": 0, 
            "aiAOV_specular_indirect.prefix": "", 
            "aiAOV_specular_indirect.type": 5
          }
        }, 
        {
          "aiAOV_sss": {
            "aiAOV_sss.binMembership": "", 
            "aiAOV_sss.caching": false, 
            "aiAOV_sss.camera": "", 
            "aiAOV_sss.defaultValue": "", 
            "aiAOV_sss.denoise": false, 
            "aiAOV_sss.enabled": false, 
            "aiAOV_sss.filterType": "", 
            "aiAOV_sss.frozen": false, 
            "aiAOV_sss.globalAov": true, 
            "aiAOV_sss.imageFormat": "", 
            "aiAOV_sss.isHistoricallyInteresting": 2, 
            "aiAOV_sss.lightGroups": false, 
            "aiAOV_sss.lightGroupsList": "", 
            "aiAOV_sss.lightPathExpression": "", 
            "aiAOV_sss.message": null, 
            "aiAOV_sss.name": "sss", 
            "aiAOV_sss.nodeState": 0, 
            "aiAOV_sss.prefix": "", 
            "aiAOV_sss.type": 5
          }
        }, 
        {
          "aiAOV_transmission": {
            "aiAOV_transmission.binMembership": "", 
            "aiAOV_transmission.caching": false, 
            "aiAOV_transmission.camera": "", 
            "aiAOV_transmission.defaultValue": "", 
            "aiAOV_transmission.denoise": false, 
            "aiAOV_transmission.enabled": true, 
            "aiAOV_transmission.filterType": "", 
            "aiAOV_transmission.frozen": false, 
            "aiAOV_transmission.globalAov": true, 
            "aiAOV_transmission.imageFormat": "", 
            "aiAOV_transmission.isHistoricallyInteresting": 2, 
            "aiAOV_transmission.lightGroups": false, 
            "aiAOV_transmission.lightGroupsList": "", 
            "aiAOV_transmission.lightPathExpression": "", 
            "aiAOV_transmission.message": null, 
            "aiAOV_transmission.name": "transmission", 
            "aiAOV_transmission.nodeState": 0, 
            "aiAOV_transmission.prefix": "", 
            "aiAOV_transmission.type": 5
          }
        }, 
        {
          "aiAOV_volume": {
            "aiAOV_volume.binMembership": "", 
            "aiAOV_volume.caching": false, 
            "aiAOV_volume.camera": "", 
            "aiAOV_volume.defaultValue": "", 
            "aiAOV_volume.denoise": false, 
            "aiAOV_volume.enabled": false, 
            "aiAOV_volume.filterType": "", 
            "aiAOV_volume.frozen": false, 
            "aiAOV_volume.globalAov": true, 
            "aiAOV_volume.imageFormat": "", 
            "aiAOV_volume.isHistoricallyInteresting": 2, 
            "aiAOV_volume.lightGroups": false, 
            "aiAOV_volume.lightGroupsList": "", 
            "aiAOV_volume.lightPathExpression": "", 
            "aiAOV_volume.message": null, 
            "aiAOV_volume.name": "volume", 
            "aiAOV_volume.nodeState": 0, 
            "aiAOV_volume.prefix": "", 
            "aiAOV_volume.type": 5
          }
        }
      ], 
      "drivers": [
        {
          "defaultArnoldDriver": {
            "defaultArnoldDriver.aiTranslator": "exr", 
            "defaultArnoldDriver.aiUserOptions": "", 
            "defaultArnoldDriver.alphaHalfPrecision": false, 
            "defaultArnoldDriver.alphaTolerance": 0.009999999776482582, 
            "defaultArnoldDriver.append": false, 
            "defaultArnoldDriver.autocrop": true, 
            "defaultArnoldDriver.binMembership": "", 
            "defaultArnoldDriver.caching": false, 
            "defaultArnoldDriver.colorManagement": 2, 
            "defaultArnoldDriver.deepexrTiled": false, 
            "defaultArnoldDriver.depthHalfPrecision": false, 
            "defaultArnoldDriver.depthTolerance": 0.009999999776482582, 
            "defaultArnoldDriver.dither": true, 
            "defaultArnoldDriver.exrCompression": 3, 
            "defaultArnoldDriver.exrTiled": false, 
            "defaultArnoldDriver.filename": "dummy.json", 
            "defaultArnoldDriver.frozen": false, 
            "defaultArnoldDriver.halfPrecision": false, 
            "defaultArnoldDriver.isHistoricallyInteresting": 2, 
            "defaultArnoldDriver.mergeAOVs": false, 
            "defaultArnoldDriver.message": null, 
            "defaultArnoldDriver.nodeState": 0, 
            "defaultArnoldDriver.outputMode": 2, 
            "defaultArnoldDriver.outputPadded": false, 
            "defaultArnoldDriver.pngFormat": 0, 
            "defaultArnoldDriver.prefix": "", 
            "defaultArnoldDriver.preserveLayerName": false, 
            "defaultArnoldDriver.quality": 100, 
            "defaultArnoldDriver.skipAlpha": false, 
            "defaultArnoldDriver.subpixelMerge": true, 
            "defaultArnoldDriver.tiffCompression": 1, 
            "defaultArnoldDriver.tiffFormat": 0, 
            "defaultArnoldDriver.tiffTiled": false, 
            "defaultArnoldDriver.unpremultAlpha": false, 
            "defaultArnoldDriver.useRGBOpacity": false
          }
        }
      ], 
      "filters": [
        {
          "defaultArnoldFilter": {
            "defaultArnoldFilter.aiFilterWeights": 1, 
            "defaultArnoldFilter.aiTranslator": "gaussian", 
            "defaultArnoldFilter.aiUserOptions": "", 
            "defaultArnoldFilter.aiWidth": 2.0, 
            "defaultArnoldFilter.binMembership": "", 
            "defaultArnoldFilter.caching": false, 
            "defaultArnoldFilter.domain": 0, 
            "defaultArnoldFilter.filterFilter": 0, 
            "defaultArnoldFilter.filterRank": 0, 
            "defaultArnoldFilter.filterWeights": 1, 
            "defaultArnoldFilter.filterWidth": 2.0, 
            "defaultArnoldFilter.frozen": false, 
            "defaultArnoldFilter.isHistoricallyInteresting": 2, 
            "defaultArnoldFilter.maximum": 1.0, 
            "defaultArnoldFilter.message": null, 
            "defaultArnoldFilter.minimum": 0.0, 
            "defaultArnoldFilter.nodeState": 0, 
            "defaultArnoldFilter.scalarMode": false, 
            "defaultArnoldFilter.width": 2.0
          }
        }, 
        {
          "aiAOVFilter1": {
            "aiAOVFilter1.aiFilterWeights": 1, 
            "aiAOVFilter1.aiTranslator": "closest", 
            "aiAOVFilter1.aiUserOptions": "", 
            "aiAOVFilter1.aiWidth": 2.0, 
            "aiAOVFilter1.binMembership": "", 
            "aiAOVFilter1.caching": false, 
            "aiAOVFilter1.domain": 0, 
            "aiAOVFilter1.filterFilter": 0, 
            "aiAOVFilter1.filterRank": -1, 
            "aiAOVFilter1.filterWeights": 1, 
            "aiAOVFilter1.filterWidth": 2.0, 
            "aiAOVFilter1.frozen": false, 
            "aiAOVFilter1.isHistoricallyInteresting": 2, 
            "aiAOVFilter1.maximum": 1.0, 
            "aiAOVFilter1.message": null, 
            "aiAOVFilter1.minimum": 0.0, 
            "aiAOVFilter1.nodeState": 0, 
            "aiAOVFilter1.scalarMode": false, 
            "aiAOVFilter1.width": 2.0
          }
        }, 
        {
          "aiAOVFilter2": {
            "aiAOVFilter2.aiFilterWeights": 1, 
            "aiAOVFilter2.aiTranslator": "closest", 
            "aiAOVFilter2.aiUserOptions": "", 
            "aiAOVFilter2.aiWidth": 2.0, 
            "aiAOVFilter2.binMembership": "", 
            "aiAOVFilter2.caching": false, 
            "aiAOVFilter2.domain": 0, 
            "aiAOVFilter2.filterFilter": 0, 
            "aiAOVFilter2.filterRank": -1, 
            "aiAOVFilter2.filterWeights": 1, 
            "aiAOVFilter2.filterWidth": 2.0, 
            "aiAOVFilter2.frozen": false, 
            "aiAOVFilter2.isHistoricallyInteresting": 2, 
            "aiAOVFilter2.maximum": 1.0, 
            "aiAOVFilter2.message": null, 
            "aiAOVFilter2.minimum": 0.0, 
            "aiAOVFilter2.nodeState": 0, 
            "aiAOVFilter2.scalarMode": false, 
            "aiAOVFilter2.width": 2.0
          }
        }, 
        {
          "aiAOVFilter3": {
            "aiAOVFilter3.aiFilterWeights": 1, 
            "aiAOVFilter3.aiTranslator": "closest", 
            "aiAOVFilter3.aiUserOptions": "", 
            "aiAOVFilter3.aiWidth": 2.0, 
            "aiAOVFilter3.binMembership": "", 
            "aiAOVFilter3.caching": false, 
            "aiAOVFilter3.domain": 0, 
            "aiAOVFilter3.filterFilter": 0, 
            "aiAOVFilter3.filterRank": -1, 
            "aiAOVFilter3.filterWeights": 1, 
            "aiAOVFilter3.filterWidth": 2.0, 
            "aiAOVFilter3.frozen": false, 
            "aiAOVFilter3.isHistoricallyInteresting": 2, 
            "aiAOVFilter3.maximum": 1.0, 
            "aiAOVFilter3.message": null, 
            "aiAOVFilter3.minimum": 0.0, 
            "aiAOVFilter3.nodeState": 0, 
            "aiAOVFilter3.scalarMode": false, 
            "aiAOVFilter3.width": 2.0
          }
        }
      ], 
      "outputs": [
        {
          "aiAOV_AO": [
            {
              "driver": "defaultArnoldDriver", 
              "filter": "defaultArnoldFilter"
            }
          ]
        }, 
        {
          "aiAOV_L_hdr": [
            {
              "driver": "defaultArnoldDriver", 
              "filter": "defaultArnoldFilter"
            }
          ]
        }, 
        {
          "aiAOV_L_fill": [
            {
              "driver": "defaultArnoldDriver", 
              "filter": "defaultArnoldFilter"
            }
          ]
        }, 
        {
          "aiAOV_L_key": [
            {
              "driver": "defaultArnoldDriver", 
              "filter": "defaultArnoldFilter"
            }
          ]
        }, 
        {
          "aiAOV_L_rim": [
            {
              "driver": "defaultArnoldDriver", 
              "filter": "defaultArnoldFilter"
            }
          ]
        }, 
        {
          "aiAOV_N": [
            {
              "driver": "defaultArnoldDriver", 
              "filter": "aiAOVFilter1"
            }
          ]
        }, 
        {
          "aiAOV_P": [
            {
              "driver": "defaultArnoldDriver", 
              "filter": "aiAOVFilter2"
            }
          ]
        }, 
        {
          "aiAOV_UV": [
            {
              "driver": "defaultArnoldDriver", 
              "filter": "defaultArnoldFilter"
            }
          ]
        }, 
        {
          "aiAOV_Z": [
            {
              "driver": "defaultArnoldDriver", 
              "filter": "aiAOVFilter3"
            }
          ]
        }, 
        {
          "aiAOV_coat": [
            {
              "driver": "defaultArnoldDriver", 
              "filter": "defaultArnoldFilter"
            }
          ]
        }, 
        {
          "aiAOV_crypto_material": [
            {
              "driver": "defaultArnoldDriver", 
              "filter": "defaultArnoldFilter"
            }
          ]
        }, 
        {
          "aiAOV_crypto_object": [
            {
              "driver": "defaultArnoldDriver", 
              "filter": "defaultArnoldFilter"
            }
          ]
        }, 
        {
          "aiAOV_diffuse_albedo": [
            {
              "driver": "defaultArnoldDriver", 
              "filter": "defaultArnoldFilter"
            }
          ]
        }, 
        {
          "aiAOV_diffuse_direct": [
            {
              "driver": "defaultArnoldDriver", 
              "filter": "defaultArnoldFilter"
            }
          ]
        }, 
        {
          "aiAOV_diffuse_indirect": [
            {
              "driver": "defaultArnoldDriver", 
              "filter": "defaultArnoldFilter"
            }
          ]
        }, 
        {
          "aiAOV_emission": [
            {
              "driver": "defaultArnoldDriver", 
              "filter": "defaultArnoldFilter"
            }
          ]
        }, 
        {
          "aiAOV_galvanized1": [
            {
              "driver": "defaultArnoldDriver", 
              "filter": "defaultArnoldFilter"
            }
          ]
        }, 
        {
          "aiAOV_motionvector": [
            {
              "driver": "defaultArnoldDriver", 
              "filter": "defaultArnoldFilter"
            }
          ]
        }, 
        {
          "aiAOV_shadow_matte": [
            {
              "driver": "defaultArnoldDriver", 
              "filter": "defaultArnoldFilter"
            }
          ]
        }, 
        {
          "aiAOV_specular_direct": [
            {
              "driver": "defaultArnoldDriver", 
              "filter": "defaultArnoldFilter"
            }
          ]
        }, 
        {
          "aiAOV_specular_indirect": [
            {
              "driver": "defaultArnoldDriver", 
              "filter": "defaultArnoldFilter"
            }
          ]
        }, 
        {
          "aiAOV_sss": [
            {
              "driver": "defaultArnoldDriver", 
              "filter": "defaultArnoldFilter"
            }
          ]
        }, 
        {
          "aiAOV_transmission": [
            {
              "driver": "defaultArnoldDriver", 
              "filter": "defaultArnoldFilter"
            }
          ]
        }, 
        {
          "aiAOV_volume": [
            {
              "driver": "defaultArnoldDriver", 
              "filter": "defaultArnoldFilter"
            }
          ]
        }
      ]
    }
  }, 
  "sceneSettings": {
    "arnold": {
      "defaultNodes": {
        "defaultRenderGlobals.animation": true, 
        "defaultRenderGlobals.animationRange": 1, 
        "defaultRenderGlobals.applyFogInPost": false, 
        "defaultRenderGlobals.binMembership": "", 
        "defaultRenderGlobals.blur2DMemoryCap": 200.0, 
        "defaultRenderGlobals.blurLength": 1.0, 
        "defaultRenderGlobals.blurSharpness": 1.0, 
        "defaultRenderGlobals.bottomRegion": 0, 
        "defaultRenderGlobals.bufferName": "<RenderPassType>:<RenderPass>.<Camera>", 
        "defaultRenderGlobals.byFrameStep": 1.0, 
        "defaultRenderGlobals.caching": false, 
        "defaultRenderGlobals.clipFinalShadedColor": true, 
        "defaultRenderGlobals.colorProfileEnabled": false, 
        "defaultRenderGlobals.comFrrt": 24, 
        "defaultRenderGlobals.composite": false, 
        "defaultRenderGlobals.compositeThreshold": 0.0, 
        "defaultRenderGlobals.createIprFile": false, 
        "defaultRenderGlobals.currentRenderer": "arnold", 
        "defaultRenderGlobals.defaultTraversalSet": "null", 
        "defaultRenderGlobals.enableDefaultLight": true, 
        "defaultRenderGlobals.enableDepthMaps": true, 
        "defaultRenderGlobals.enableStrokeRender": true, 
        "defaultRenderGlobals.evenFieldExt": "", 
        "defaultRenderGlobals.exrCompression": 0, 
        "defaultRenderGlobals.exrPixelType": 0, 
        "defaultRenderGlobals.extensionPadding": 4, 
        "defaultRenderGlobals.fieldExtControl": 0, 
        "defaultRenderGlobals.fogGeometry": null, 
        "defaultRenderGlobals.forceTileSize": false, 
        "defaultRenderGlobals.frozen": false, 
        "defaultRenderGlobals.gammaCorrection": 1.0, 
        "defaultRenderGlobals.geometryVector": 20, 
        "defaultRenderGlobals.hyperShadeBinList": "", 
        "defaultRenderGlobals.ignoreFilmGate": true, 
        "defaultRenderGlobals.imageFilePrefix": "<Scene>/<RenderLayer>/<Scene>.<RenderLayer>.<RenderPass>", 
        "defaultRenderGlobals.imageFormat": 51, 
        "defaultRenderGlobals.imfPluginKey": "exr", 
        "defaultRenderGlobals.inputColorProfile": 3, 
        "defaultRenderGlobals.interruptFrequency": 1, 
        "defaultRenderGlobals.iprRenderMotionBlur": true, 
        "defaultRenderGlobals.iprRenderShading": true, 
        "defaultRenderGlobals.iprRenderShadowMaps": true, 
        "defaultRenderGlobals.iprShadowPass": false, 
        "defaultRenderGlobals.isHistoricallyInteresting": 2, 
        "defaultRenderGlobals.jitterFinalColor": true, 
        "defaultRenderGlobals.keepMotionVector": false, 
        "defaultRenderGlobals.leafPrimitives": 200, 
        "defaultRenderGlobals.leftRegion": 0, 
        "defaultRenderGlobals.logRenderPerformance": false, 
        "defaultRenderGlobals.macCodec": 1919706400, 
        "defaultRenderGlobals.macDepth": 32, 
        "defaultRenderGlobals.macQual": 1024, 
        "defaultRenderGlobals.matteOpacityUsesTransparency": true, 
        "defaultRenderGlobals.maximumMemory": 48, 
        "defaultRenderGlobals.message": null, 
        "defaultRenderGlobals.motionBlur": false, 
        "defaultRenderGlobals.motionBlurByFrame": 1.0, 
        "defaultRenderGlobals.motionBlurShutterClose": 0.5, 
        "defaultRenderGlobals.motionBlurShutterOpen": -0.5, 
        "defaultRenderGlobals.motionBlurType": 1, 
        "defaultRenderGlobals.motionBlurUseShutter": false, 
        "defaultRenderGlobals.multiCamNamingMode": 0, 
        "defaultRenderGlobals.nodeState": 0, 
        "defaultRenderGlobals.numCpusToUse": 0, 
        "defaultRenderGlobals.oddFieldExt": "", 
        "defaultRenderGlobals.onlyRenderStrokes": false, 
        "defaultRenderGlobals.optimizeInstances": true, 
        "defaultRenderGlobals.outFormatControl": 0, 
        "defaultRenderGlobals.outFormatExt": "", 
        "defaultRenderGlobals.outputColorProfile": 2, 
        "defaultRenderGlobals.oversamplePaintEffects": false, 
        "defaultRenderGlobals.oversamplePfxPostFilter": false, 
        "defaultRenderGlobals.periodInExt": 1, 
        "defaultRenderGlobals.postFogBlur": 1, 
        "defaultRenderGlobals.postFurRenderMel": "", 
        "defaultRenderGlobals.postMel": "", 
        "defaultRenderGlobals.postRenderLayerMel": "", 
        "defaultRenderGlobals.postRenderMel": "", 
        "defaultRenderGlobals.preFurRenderMel": "", 
        "defaultRenderGlobals.preMel": "", 
        "defaultRenderGlobals.preRenderLayerMel": "", 
        "defaultRenderGlobals.preRenderMel": "", 
        "defaultRenderGlobals.putFrameBeforeExt": true, 
        "defaultRenderGlobals.quality": null, 
        "defaultRenderGlobals.raysSeeBackground": true, 
        "defaultRenderGlobals.recursionDepth": 2, 
        "defaultRenderGlobals.renderAll": true, 
        "defaultRenderGlobals.renderLayerEnable": false, 
        "defaultRenderGlobals.renderVersion": "", 
        "defaultRenderGlobals.rendercallback": null, 
        "defaultRenderGlobals.renderedOutput": 0, 
        "defaultRenderGlobals.renderingColorProfile": 2, 
        "defaultRenderGlobals.resolution": null, 
        "defaultRenderGlobals.reuseTessellations": true, 
        "defaultRenderGlobals.rightRegion": 256, 
        "defaultRenderGlobals.shadingVector": 60, 
        "defaultRenderGlobals.shadowPass": false, 
        "defaultRenderGlobals.shadowsObeyLightLinking": true, 
        "defaultRenderGlobals.shadowsObeyShadowLinking": false, 
        "defaultRenderGlobals.skipExistingFrames": false, 
        "defaultRenderGlobals.smoothColor": false, 
        "defaultRenderGlobals.smoothValue": 2, 
        "defaultRenderGlobals.strokesDepthFile": "", 
        "defaultRenderGlobals.subdivisionHashSize": 5, 
        "defaultRenderGlobals.subdivisionPower": 0.25, 
        "defaultRenderGlobals.swatchCamera": null, 
        "defaultRenderGlobals.tileHeight": 64, 
        "defaultRenderGlobals.tileWidth": 64, 
        "defaultRenderGlobals.topRegion": 256, 
        "defaultRenderGlobals.useBlur2DMemoryCap": true, 
        "defaultRenderGlobals.useDisplacementBoundingBox": true, 
        "defaultRenderGlobals.useFileCache": true, 
        "defaultRenderGlobals.useFrameExt": false, 
        "defaultRenderGlobals.useMayaFileName": true, 
        "defaultRenderGlobals.useRenderRegion": false, 
        "defaultRenderQuality.binMembership": "", 
        "defaultRenderQuality.blueThreshold": 0.6000000238418579, 
        "defaultRenderQuality.caching": false, 
        "defaultRenderQuality.coverageThreshold": 0.125, 
        "defaultRenderQuality.edgeAntiAliasing": 3, 
        "defaultRenderQuality.enableRaytracing": false, 
        "defaultRenderQuality.frozen": false, 
        "defaultRenderQuality.greenThreshold": 0.30000001192092896, 
        "defaultRenderQuality.isHistoricallyInteresting": 2, 
        "defaultRenderQuality.maxShadingSamples": 8, 
        "defaultRenderQuality.maxVisibilitySamples": 4, 
        "defaultRenderQuality.message": null, 
        "defaultRenderQuality.nodeState": 0, 
        "defaultRenderQuality.particleSamples": 1, 
        "defaultRenderQuality.pixelFilterType": 2, 
        "defaultRenderQuality.pixelFilterWidthX": 2.200000047683716, 
        "defaultRenderQuality.pixelFilterWidthY": 2.200000047683716, 
        "defaultRenderQuality.plugInFilterWeight": 1.0, 
        "defaultRenderQuality.rayTraceBias": 0.0, 
        "defaultRenderQuality.redThreshold": 0.4000000059604645, 
        "defaultRenderQuality.reflections": 1, 
        "defaultRenderQuality.refractions": 6, 
        "defaultRenderQuality.renderSample": false, 
        "defaultRenderQuality.shadingSamples": 1, 
        "defaultRenderQuality.shadows": 2, 
        "defaultRenderQuality.useMultiPixelFilter": false, 
        "defaultRenderQuality.visibilitySamples": 1, 
        "defaultRenderQuality.volumeSamples": 1, 
        "defaultResolution.aspectLock": true, 
        "defaultResolution.binMembership": "", 
        "defaultResolution.caching": false, 
        "defaultResolution.deviceAspectRatio": 1.8962962627410889, 
        "defaultResolution.dotsPerInch": 72.0, 
        "defaultResolution.fields": 0, 
        "defaultResolution.frozen": false, 
        "defaultResolution.height": 1080, 
        "defaultResolution.imageSizeUnits": 0, 
        "defaultResolution.isHistoricallyInteresting": 2, 
        "defaultResolution.lockDeviceAspectRatio": true, 
        "defaultResolution.message": null, 
        "defaultResolution.nodeState": 0, 
        "defaultResolution.oddFieldFirst": true, 
        "defaultResolution.pixelAspect": 1.0, 
        "defaultResolution.pixelDensityUnits": 0, 
        "defaultResolution.width": 2048, 
        "defaultResolution.zerothScanline": 0
      }, 
      "defaultRendererNodes": {
        "defaultArnoldDriver.aiTranslator": "exr", 
        "defaultArnoldDriver.aiUserOptions": "", 
        "defaultArnoldDriver.alphaHalfPrecision": false, 
        "defaultArnoldDriver.alphaTolerance": 0.009999999776482582, 
        "defaultArnoldDriver.append": false, 
        "defaultArnoldDriver.autocrop": true, 
        "defaultArnoldDriver.binMembership": "", 
        "defaultArnoldDriver.caching": false, 
        "defaultArnoldDriver.colorManagement": 2, 
        "defaultArnoldDriver.deepexrTiled": false, 
        "defaultArnoldDriver.depthHalfPrecision": false, 
        "defaultArnoldDriver.depthTolerance": 0.009999999776482582, 
        "defaultArnoldDriver.dither": true, 
        "defaultArnoldDriver.exrCompression": 3, 
        "defaultArnoldDriver.exrTiled": false, 
        "defaultArnoldDriver.filename": "dummy.json", 
        "defaultArnoldDriver.frozen": false, 
        "defaultArnoldDriver.halfPrecision": false, 
        "defaultArnoldDriver.isHistoricallyInteresting": 2, 
        "defaultArnoldDriver.mergeAOVs": false, 
        "defaultArnoldDriver.message": null, 
        "defaultArnoldDriver.nodeState": 0, 
        "defaultArnoldDriver.outputMode": 2, 
        "defaultArnoldDriver.outputPadded": false, 
        "defaultArnoldDriver.pngFormat": 0, 
        "defaultArnoldDriver.prefix": "", 
        "defaultArnoldDriver.preserveLayerName": false, 
        "defaultArnoldDriver.quality": 100, 
        "defaultArnoldDriver.skipAlpha": false, 
        "defaultArnoldDriver.subpixelMerge": true, 
        "defaultArnoldDriver.tiffCompression": 1, 
        "defaultArnoldDriver.tiffFormat": 0, 
        "defaultArnoldDriver.tiffTiled": false, 
        "defaultArnoldDriver.unpremultAlpha": false, 
        "defaultArnoldDriver.useRGBOpacity": false, 
        "defaultArnoldFilter.aiFilterWeights": 1, 
        "defaultArnoldFilter.aiTranslator": "gaussian", 
        "defaultArnoldFilter.aiUserOptions": "", 
        "defaultArnoldFilter.aiWidth": 2.0, 
        "defaultArnoldFilter.binMembership": "", 
        "defaultArnoldFilter.caching": false, 
        "defaultArnoldFilter.domain": 0, 
        "defaultArnoldFilter.filterFilter": 0, 
        "defaultArnoldFilter.filterRank": 0, 
        "defaultArnoldFilter.filterWeights": 1, 
        "defaultArnoldFilter.filterWidth": 2.0, 
        "defaultArnoldFilter.frozen": false, 
        "defaultArnoldFilter.isHistoricallyInteresting": 2, 
        "defaultArnoldFilter.maximum": 1.0, 
        "defaultArnoldFilter.message": null, 
        "defaultArnoldFilter.minimum": 0.0, 
        "defaultArnoldFilter.nodeState": 0, 
        "defaultArnoldFilter.scalarMode": false, 
        "defaultArnoldFilter.width": 2.0, 
        "defaultArnoldRenderOptions.AAAdaptiveThreshold": 0.05000000074505806, 
        "defaultArnoldRenderOptions.AASampleClamp": 10.0, 
        "defaultArnoldRenderOptions.AASamples": 6, 
        "defaultArnoldRenderOptions.AASamplesMax": 8, 
        "defaultArnoldRenderOptions.AA_seed": 0.0, 
        "defaultArnoldRenderOptions.ARV_options": "Test Resolution=50%;Camera=perspShape;Color Management.Gamma=1;Color Management.Exposure=0;Background.BG=BG Color;Background.Color=0 0 0;Background.Image=;Background.Scale=1       1;Background.Offset=0       0;Background.Apply Color Management=1;Foreground.Enable FG=0;Foreground.Image=;Foreground.Scale=1       1;Foreground.Offset=0       0;Foreground.Apply Color Management=1;", 
        "defaultArnoldRenderOptions.GIDiffuseDepth": 1, 
        "defaultArnoldRenderOptions.GIDiffuseSamples": 3, 
        "defaultArnoldRenderOptions.GISpecularDepth": 1, 
        "defaultArnoldRenderOptions.GISpecularSamples": 3, 
        "defaultArnoldRenderOptions.GISssSamples": 0, 
        "defaultArnoldRenderOptions.GITotalDepth": 10, 
        "defaultArnoldRenderOptions.GITransmissionDepth": 1, 
        "defaultArnoldRenderOptions.GITransmissionSamples": 2, 
        "defaultArnoldRenderOptions.GIVolumeDepth": 0, 
        "defaultArnoldRenderOptions.GIVolumeSamples": 0, 
        "defaultArnoldRenderOptions.GI_glossy_samples": 1, 
        "defaultArnoldRenderOptions.GI_refraction_samples": 1, 
        "defaultArnoldRenderOptions.IPRRefinementFinished": "", 
        "defaultArnoldRenderOptions.IPRRefinementStarted": "", 
        "defaultArnoldRenderOptions.IPRStepFinished": "", 
        "defaultArnoldRenderOptions.IPRStepStarted": "", 
        "defaultArnoldRenderOptions.PostTranslation": "", 
        "defaultArnoldRenderOptions.abortOnError": true, 
        "defaultArnoldRenderOptions.abortOnLicenseFail": true, 
        "defaultArnoldRenderOptions.absoluteProceduralPaths": true, 
        "defaultArnoldRenderOptions.absoluteTexturePaths": true, 
        "defaultArnoldRenderOptions.aiUserOptions": "", 
        "defaultArnoldRenderOptions.aovMode": 1, 
        "defaultArnoldRenderOptions.atmosphere": null, 
        "defaultArnoldRenderOptions.autoTransparencyDepth": 10, 
        "defaultArnoldRenderOptions.autotile": true, 
        "defaultArnoldRenderOptions.autotx": true, 
        "defaultArnoldRenderOptions.background": null, 
        "defaultArnoldRenderOptions.binMembership": "", 
        "defaultArnoldRenderOptions.binaryAss": true, 
        "defaultArnoldRenderOptions.bucketScanning": 2, 
        "defaultArnoldRenderOptions.bucketSize": 32, 
        "defaultArnoldRenderOptions.caching": false, 
        "defaultArnoldRenderOptions.clear_before_render": true, 
        "defaultArnoldRenderOptions.defaultGpuMinMemoryMB": 512, 
        "defaultArnoldRenderOptions.defaultGpuNames": "*", 
        "defaultArnoldRenderOptions.denoiseBeauty": false, 
        "defaultArnoldRenderOptions.displayAOV": "beauty", 
        "defaultArnoldRenderOptions.driver": null, 
        "defaultArnoldRenderOptions.enableAdaptiveSampling": false, 
        "defaultArnoldRenderOptions.enableProgressiveRender": false, 
        "defaultArnoldRenderOptions.enable_swatch_render": true, 
        "defaultArnoldRenderOptions.errorColorBadPixel": [
          0.0, 
          0.0, 
          1.0
        ], 
        "defaultArnoldRenderOptions.errorColorBadPixelB": 1.0, 
        "defaultArnoldRenderOptions.errorColorBadPixelG": 0.0, 
        "defaultArnoldRenderOptions.errorColorBadPixelR": 0.0, 
        "defaultArnoldRenderOptions.errorColorBadTexture": [
          1.0, 
          0.0, 
          0.0
        ], 
        "defaultArnoldRenderOptions.errorColorBadTextureB": 0.0, 
        "defaultArnoldRenderOptions.errorColorBadTextureG": 0.0, 
        "defaultArnoldRenderOptions.errorColorBadTextureR": 1.0, 
        "defaultArnoldRenderOptions.expandProcedurals": false, 
        "defaultArnoldRenderOptions.exportAllShadingGroups": false, 
        "defaultArnoldRenderOptions.exportFullPaths": false, 
        "defaultArnoldRenderOptions.exportShadingEngine": false, 
        "defaultArnoldRenderOptions.filter": null, 
        "defaultArnoldRenderOptions.filterType": "", 
        "defaultArnoldRenderOptions.forceTranslateShadingEngines": false, 
        "defaultArnoldRenderOptions.force_scene_update_before_IPR_refresh": false, 
        "defaultArnoldRenderOptions.force_texture_cache_flush_after_render": false, 
        "defaultArnoldRenderOptions.frozen": false, 
        "defaultArnoldRenderOptions.gpu": false, 
        "defaultArnoldRenderOptions.ignoreAtmosphere": false, 
        "defaultArnoldRenderOptions.ignoreBump": false, 
        "defaultArnoldRenderOptions.ignoreDisplacement": false, 
        "defaultArnoldRenderOptions.ignoreDof": false, 
        "defaultArnoldRenderOptions.ignoreLights": false, 
        "defaultArnoldRenderOptions.ignoreMotionBlur": false, 
        "defaultArnoldRenderOptions.ignoreOperators": false, 
        "defaultArnoldRenderOptions.ignoreShaders": false, 
        "defaultArnoldRenderOptions.ignoreShadows": false, 
        "defaultArnoldRenderOptions.ignoreSmoothing": false, 
        "defaultArnoldRenderOptions.ignoreSss": false, 
        "defaultArnoldRenderOptions.ignoreSubdivision": false, 
        "defaultArnoldRenderOptions.ignoreTextures": false, 
        "defaultArnoldRenderOptions.imageFormat": "", 
        "defaultArnoldRenderOptions.indirectSampleClamp": 10.0, 
        "defaultArnoldRenderOptions.indirectSpecularBlur": 1.0, 
        "defaultArnoldRenderOptions.isHistoricallyInteresting": 2, 
        "defaultArnoldRenderOptions.kickRenderFlags": "", 
        "defaultArnoldRenderOptions.lightLinking": 1, 
        "defaultArnoldRenderOptions.lock_sampling_noise": false, 
        "defaultArnoldRenderOptions.log_filename": "$MTOA_LOG_PATH/arnold.log", 
        "defaultArnoldRenderOptions.log_max_warnings": 5, 
        "defaultArnoldRenderOptions.log_to_console": true, 
        "defaultArnoldRenderOptions.log_to_file": false, 
        "defaultArnoldRenderOptions.log_verbosity": 0, 
        "defaultArnoldRenderOptions.lowLightThreshold": 0.019999999552965164, 
        "defaultArnoldRenderOptions.manual_gpu_devices": false, 
        "defaultArnoldRenderOptions.maxSubdivisions": 3, 
        "defaultArnoldRenderOptions.mb_camera_enable": true, 
        "defaultArnoldRenderOptions.mb_lights_enable": true, 
        "defaultArnoldRenderOptions.mb_object_deform_enable": true, 
        "defaultArnoldRenderOptions.mb_objects_enable": true, 
        "defaultArnoldRenderOptions.mb_shader_enable": true, 
        "defaultArnoldRenderOptions.message": null, 
        "defaultArnoldRenderOptions.motion_blur_enable": true, 
        "defaultArnoldRenderOptions.motion_end": 0.25, 
        "defaultArnoldRenderOptions.motion_frames": 0.43299999833106995, 
        "defaultArnoldRenderOptions.motion_start": -0.25, 
        "defaultArnoldRenderOptions.motion_steps": 4, 
        "defaultArnoldRenderOptions.mtoa_translation_info": false, 
        "defaultArnoldRenderOptions.nodeState": 0, 
        "defaultArnoldRenderOptions.offsetOrigin": false, 
        "defaultArnoldRenderOptions.operator": null, 
        "defaultArnoldRenderOptions.origin": null, 
        "defaultArnoldRenderOptions.outputAssBoundingBox": false, 
        "defaultArnoldRenderOptions.outputOverscan": "", 
        "defaultArnoldRenderOptions.outputVarianceAOVs": false, 
        "defaultArnoldRenderOptions.output_ass_compressed": false, 
        "defaultArnoldRenderOptions.output_ass_filename": "", 
        "defaultArnoldRenderOptions.output_ass_mask": 65535, 
        "defaultArnoldRenderOptions.plugin_searchpath": "", 
        "defaultArnoldRenderOptions.plugins_path": "$ARNOLD_PLUGIN_PATH", 
        "defaultArnoldRenderOptions.preserve_scene_data": true, 
        "defaultArnoldRenderOptions.procedural_searchpath": "", 
        "defaultArnoldRenderOptions.profile_enable": false, 
        "defaultArnoldRenderOptions.profile_file": "$MTOA_LOG_PATH/arnold_profile.json", 
        "defaultArnoldRenderOptions.progressive_initial_level": -3, 
        "defaultArnoldRenderOptions.progressive_rendering": true, 
        "defaultArnoldRenderOptions.range_type": 1, 
        "defaultArnoldRenderOptions.referenceTime": 0.0, 
        "defaultArnoldRenderOptions.regionMaxX": -2147483648, 
        "defaultArnoldRenderOptions.regionMaxY": -2147483648, 
        "defaultArnoldRenderOptions.regionMinX": -2147483648, 
        "defaultArnoldRenderOptions.regionMinY": -2147483648, 
        "defaultArnoldRenderOptions.renderType": 0, 
        "defaultArnoldRenderOptions.renderUnit": 0, 
        "defaultArnoldRenderOptions.sceneScale": 1.0, 
        "defaultArnoldRenderOptions.shadowLinking": 1, 
        "defaultArnoldRenderOptions.skipLicenseCheck": false, 
        "defaultArnoldRenderOptions.sssUseAutobump": false, 
        "defaultArnoldRenderOptions.standinDrawOverride": 0, 
        "defaultArnoldRenderOptions.stats_enable": false, 
        "defaultArnoldRenderOptions.stats_file": "$MTOA_LOG_PATH/arnold_stats.json", 
        "defaultArnoldRenderOptions.stats_mode": 1, 
        "defaultArnoldRenderOptions.subdivDicingCamera": null, 
        "defaultArnoldRenderOptions.subdivFrustumCulling": false, 
        "defaultArnoldRenderOptions.subdivFrustumPadding": 0.0, 
        "defaultArnoldRenderOptions.textureAcceptUnmipped": true, 
        "defaultArnoldRenderOptions.textureAcceptUntiled": true, 
        "defaultArnoldRenderOptions.textureAutotile": 0, 
        "defaultArnoldRenderOptions.textureConservativeLookups": true, 
        "defaultArnoldRenderOptions.textureDiffuseBlur": 0.03125, 
        "defaultArnoldRenderOptions.textureMaxMemoryMB": 2048.0, 
        "defaultArnoldRenderOptions.textureMaxOpenFiles": 0, 
        "defaultArnoldRenderOptions.textureSpecularBlur": 0.0, 
        "defaultArnoldRenderOptions.texture_searchpath": "", 
        "defaultArnoldRenderOptions.threads": 1, 
        "defaultArnoldRenderOptions.threads_autodetect": true, 
        "defaultArnoldRenderOptions.use_existing_tiled_textures": true, 
        "defaultArnoldRenderOptions.use_sample_clamp": true, 
        "defaultArnoldRenderOptions.use_sample_clamp_AOVs": true, 
        "defaultArnoldRenderOptions.version": "2.1.0.2"
      }, 
      "userData": {}
    }
  }
}
