{"projectName": [{"projectName": "wb"}], "HQsamples": [{"lowLightThreshold": "0.015", "GISssSamples": "0", "GIDiffuseDepth": "0", "GIVolumeSamples": "0", "GISpecularDepth": "1", "GITransmissionDepth": "4", "GIDiffuseSamples": "4", "GITransmissionSamples": "4", "GISpecularSamples": "4", "AASamples": "8"}], "defaultLightRigPath": [{"lightRigPath": "/mnt/projects/library/arnoldSettings/scenes/atk_defaultLights_v001.ma"}], "arnoldSettingsRenderGlobals": [{"arnoldSettingsRenderGlobals": "/mnt/projects/library/arnoldSettings/presets/atk_arnoldSettings_v004.json"}], "LQsamples": [{"lowLightThreshold": "0.015", "GISssSamples": "0", "GIDiffuseDepth": "0", "GIVolumeSamples": "0", "GISpecularDepth": "1", "GITransmissionDepth": "2", "GIDiffuseSamples": "2", "GITransmissionSamples": "2", "GISpecularSamples": "2", "AASamples": "2"}]}