{"projectName": [{"projectName": "dco"}], "HQsamples": [{"lowLightThreshold": "0.015", "GISssSamples": "5", "GIDiffuseDepth": "1", "GIVolumeSamples": "5", "GISpecularDepth": "1", "GITransmissionDepth": "4", "GIDiffuseSamples": "5", "GITransmissionSamples": "5", "GISpecularSamples": "5", "AASamples": "9"}], "defaultLightRigPath": [{"lightRigPath": "/mnt/projects/library/arnoldSettings/scenes/atk_defaultLights_v001.ma"}], "arnoldSettingsRenderGlobals": [{"arnoldSettingsRenderGlobals": "/mnt/projects/library/arnoldSettings/presets/atk_arnoldSettings_v004.json"}], "LQsamples": [{"lowLightThreshold": "0.015", "GISssSamples": "2", "GIDiffuseDepth": "0", "GIVolumeSamples": "2", "GISpecularDepth": "1", "GITransmissionDepth": "2", "GIDiffuseSamples": "2", "GITransmissionSamples": "2", "GISpecularSamples": "2", "AASamples": "2"}]}
